{"cameraMode":{"drawMode":0,"name":"Shaded","section":"Shading Mode"},"sceneLighting":false,"audioPlay":false,"sceneViewState":{"m_AlwaysRefresh":false,"showFog":true,"showSkybox":false,"showFlares":true,"showImageEffects":true,"showParticleSystems":true,"showVisualEffectGraphs":true,"m_FxEnabled":true},"in2DMode":false,"pivot":{"x":0.010903656482696534,"y":0.04626500606536865,"z":-50.90941619873047},"rotation":{"x":0.16768640279769898,"y":-0.6813018918037415,"z":0.16477516293525697,"w":0.6932702660560608},"size":63.64860916137695,"orthographic":false}