{"cameraMode":{"drawMode":0,"name":"Shaded","section":"Shading Mode"},"sceneLighting":false,"audioPlay":false,"sceneViewState":{"m_AlwaysRefresh":false,"showFog":true,"showSkybox":false,"showFlares":true,"showImageEffects":true,"showParticleSystems":true,"showVisualEffectGraphs":true,"m_FxEnabled":true},"in2DMode":false,"pivot":{"x":0.22611093521118165,"y":0.26297444105148318,"z":-2.9802322387695315e-8},"rotation":{"x":0.23409707844257356,"y":-0.2514767348766327,"z":0.06281569600105286,"w":0.9370585680007935},"size":1.4582741260528565,"orthographic":false}