{"cameraMode":{"drawMode":0,"name":"Shaded","section":"Shading Mode"},"sceneLighting":false,"audioPlay":false,"sceneViewState":{"m_AlwaysRefresh":false,"showFog":true,"showSkybox":false,"showFlares":true,"showImageEffects":true,"showParticleSystems":true,"showVisualEffectGraphs":true,"m_FxEnabled":true},"in2DMode":false,"pivot":{"x":0.14132559299468995,"y":0.6606712341308594,"z":0.12662404775619508},"rotation":{"x":-0.01906239241361618,"y":-0.7491655349731445,"z":0.021594200283288957,"w":-0.6618233919143677},"size":1.2587122917175294,"orthographic":false}