{"count":1,"self":10891.01824,"total":36008.8943031,"children":{"InitializeActuators":{"count":1,"self":0.0009968,"total":0.0009968,"children":null},"InitializeSensors":{"count":1,"self":0.0019942,"total":0.0019942,"children":null},"AgentSendState":{"count":12500101,"self":37.565379199999995,"total":159.3732956,"children":{"CollectObservations":{"count":2500021,"self":9.5205159999999989,"total":9.5205158,"children":null},"WriteActionMask":{"count":2500021,"self":2.8698531999999997,"total":2.8698531999999997,"children":null},"RequestDecision":{"count":2500021,"self":16.128056,"total":109.4175473,"children":{"AgentInfo.ToProto":{"count":2500021,"self":17.2159792,"total":93.2894914,"children":{"GenerateSensorData":{"count":2500021,"self":76.0735104,"total":76.07351229999999,"children":null}}}}}}},"DecideAction":{"count":12500101,"self":22078.3034368,"total":22078.3040058,"children":null},"AgentAct":{"count":12500101,"self":2876.7256576,"total":2876.7347308,"children":{"AgentInfo.ToProto":{"count":150,"self":0,"total":0.0089784,"children":{"GenerateSensorData":{"count":150,"self":0.0089784,"total":0.0089784,"children":null}}}}},"AgentInfo.ToProto":{"count":91524,"self":0.7226016,"total":3.4588981999999997,"children":{"GenerateSensorData":{"count":91524,"self":2.7362965999999997,"total":2.7362965999999997,"children":null}}}},"gauges":{"CameraFlight.CumulativeReward":{"count":91674,"max":1171.82642,"min":-871.1569,"runningAverage":313.402435,"value":229.745285,"weightedAverage":418.6005}},"metadata":{"timer_format_version":"0.1.0","start_time_seconds":"1632371825","unity_version":"2020.3.8f1","command_line_arguments":"C:\\Program Files\\Unity\\Hub\\Editor\\2020.3.8f1\\Editor\\Unity.exe -projectpath C:\/Users\/Lab506\/Desktop\/AutoFlight\/YoloFlight -useHub -hubIPC -cloudEnvironment production -hubSessionId 0dd54df0-1a0e-11ec-9ebf-e1aecfe5dc82 -accessToken GBdtsPR4ipxXrObhDuSuDD5sfICVUdAC34pkSLMCXeU00df","communication_protocol_version":"1.5.0","com.unity.ml-agents_version":"2.0.0-exp.1","scene_name":"CameraFlgihtLearning","end_time_seconds":"1632407833"}}