{"count":1,"self":4371.062784,"total":10240.995616799999,"children":{"InitializeActuators":{"count":30,"self":0.0009966,"total":0.0009966,"children":null},"InitializeSensors":{"count":30,"self":0.0019939,"total":0.0019939,"children":null},"AgentSendState":{"count":584067,"self":7.7989808,"total":96.564790699999989,"children":{"CollectObservations":{"count":3504420,"self":49.743347199999995,"total":49.743347299999996,"children":null},"WriteActionMask":{"count":3504420,"self":1.2672487,"total":1.2672487,"children":null},"RequestDecision":{"count":3504420,"self":5.4051228,"total":37.7552137,"children":{"AgentInfo.ToProto":{"count":3504420,"self":5.9332328,"total":32.3500909,"children":{"GenerateSensorData":{"count":3504420,"self":26.4168576,"total":26.416857999999998,"children":null}}}}}}},"DecideAction":{"count":584067,"self":5740.4829696,"total":5740.4831048999995,"children":null},"AgentAct":{"count":584067,"self":32.1145152,"total":32.115514399999995,"children":{"AgentInfo.ToProto":{"count":1,"self":0.0009979,"total":0.0009979,"children":{"GenerateSensorData":{"count":1,"self":0,"total":0,"children":null}}}}},"AgentInfo.ToProto":{"count":26540,"self":0.18680619999999998,"total":0.7656358,"children":{"GenerateSensorData":{"count":26540,"self":0.57882959999999994,"total":0.57882959999999994,"children":null}}}},"gauges":{"AutoFlight.CumulativeReward":{"count":26541,"max":10237.1133,"min":-248.8147,"runningAverage":4920.937,"value":9931.527,"weightedAverage":8989.762}},"metadata":{"timer_format_version":"0.1.0","start_time_seconds":"1636740591","unity_version":"2020.3.8f1","command_line_arguments":"C:\\Program Files\\Unity\\Hub\\Editor\\2020.3.8f1\\Editor\\Unity.exe -projectpath C:\/Users\/JoSihun\/Desktop\/Paper_Project\/YoloFlight -useHub -hubIPC -cloudEnvironment production -hubSessionId e6b01dd0-43c6-11ec-b929-751c57a3140a","communication_protocol_version":"1.5.0","com.unity.ml-agents_version":"2.1.0-exp.1","scene_name":"LearningScene","end_time_seconds":"1636750832"}}