{"count":1,"self":3769.8326528,"total":10123.0493539,"children":{"InitializeActuators":{"count":30,"self":0.0019946,"total":0.0019946,"children":null},"InitializeSensors":{"count":30,"self":0.0029935,"total":0.0029935,"children":null},"AgentSendState":{"count":583884,"self":7.9368295999999994,"total":51.5014475,"children":{"CollectObservations":{"count":3503310,"self":4.5006112,"total":4.5006113,"children":null},"WriteActionMask":{"count":3503310,"self":1.3758688,"total":1.3758688,"children":null},"RequestDecision":{"count":3503310,"self":5.31482,"total":37.6881376,"children":{"AgentInfo.ToProto":{"count":3503310,"self":5.9612456,"total":32.3733174,"children":{"GenerateSensorData":{"count":3503310,"self":26.412072,"total":26.412071599999997,"children":null}}}}}}},"DecideAction":{"count":583884,"self":6266.8218368,"total":6266.8219568999993,"children":null},"AgentAct":{"count":583884,"self":34.240998399999995,"total":34.2409973,"children":null},"AgentInfo.ToProto":{"count":20233,"self":0.1540552,"total":0.6452857,"children":{"GenerateSensorData":{"count":20233,"self":0.49123049999999996,"total":0.49123049999999996,"children":null}}}},"gauges":{"AutoFlight.CumulativeReward":{"count":20233,"max":10248.1914,"min":-246.298828,"runningAverage":6893.53955,"value":10022.5254,"weightedAverage":9957.519}},"metadata":{"timer_format_version":"0.1.0","start_time_seconds":"1636822998","unity_version":"2020.3.8f1","command_line_arguments":"C:\\Program Files\\Unity\\Hub\\Editor\\2020.3.8f1\\Editor\\Unity.exe -projectpath C:\/Users\/JoSihun\/Desktop\/Paper_Project\/YoloFlight -useHub -hubIPC -cloudEnvironment production -hubSessionId b7256170-449c-11ec-8eeb-69ea63aad742","communication_protocol_version":"1.5.0","com.unity.ml-agents_version":"2.1.0-exp.1","scene_name":"LearningScene2","end_time_seconds":"1636833121"}}