{"cameraMode":{"drawMode":0,"name":"Shaded","section":"Shading Mode"},"sceneLighting":false,"audioPlay":false,"sceneViewState":{"m_AlwaysRefresh":false,"showFog":true,"showSkybox":false,"showFlares":true,"showImageEffects":true,"showParticleSystems":true,"showVisualEffectGraphs":true,"m_FxEnabled":true},"in2DMode":false,"pivot":{"x":-5.156314373016357,"y":0.6259370446205139,"z":1.2477097511291505},"rotation":{"x":0.31342291831970217,"y":-0.30680325627326968,"z":0.10776019841432572,"w":0.8922382593154907},"size":2.915583848953247,"orthographic":false}